{
  "objfunc" : "ackley",
  "evatrials" : 1100,
  "trial_runs" : 2,
  "r_val" : 0.7584,
  "results":[
    {
      "sbest" : [-0.0122048,-0.0695413,-0.0274150,0.0247516,-0.1724304,-0.0940382,-0.0076873,-0.0091148,0.0456905,-0.0245715],
      "trial_initial": [-1.77662,-0.98584,-0.57770,1.90682,-0.14702,-0.41998,0.35588,-0.90087,-0.13857,-1.04615],
      "objfunc_val":-22.214618
    },
    {
      "sbest" : [0.1060041,-0.0012436,-0.0559713,0.0337600,-0.0136549,0.1186215,-0.0190572,-0.0607619,0.0630677,-0.0578622],
      "trial_initial": [0.9393077,0.0084414,0.2428478,1.3114781,1.0642522,-1.2121538,1.5810095,-0.9043814,-0.4694569,-0.7822007],
      "objfunc_val":-22.257303
    }
  ]
}

