{
  "objfunc": "griewank",
  "evatrials": 1000,
  "trial_runs": 1,
  "r_val": 0.2,
  "s_initial": [
    -1,
    3,
    -2,
    4,
    6,
    9,
    -3,
    6.7,
    2.2,
    10
  ],
  "results": [
    {
      "sbest": [
        -1.00000000000000,
        3.00000000000000,
        -2.00000000000000,
        4.00000000000000,
        6.00000000000000,
        -3.14440865613332,
        -5.15170165876658,
        6.70000000000000,
        2.20000000000000,
        10.00000000000000
      ],
      "trial_initial": [
        -1.00000000000000,
        3.00000000000000,
        -2.00000000000000,
        4.00000000000000,
        6.00000000000000,
        9.00000000000000,
        -3.00000000000000,
        6.70000000000000,
        2.20000000000000,
        10.00000000000000
      ],
      "objfunc_val": 1.060679
    }
  ]
}
