{
  "objfunc" : "griewank",
  "evatrials" : 1000,
  "trial_runs" : 1,
  "r_val" : 0.2,
  "results":[
    {
      "sbest" : [-3.00000,0.00000,-4.72715 ,0.84169,9.53635,1.67684,2.72483,2.59443,3.42391,-8.47452],
      "trial_initial": [-433,-196,-73,673,56,-26,207,-170,58,-214],
      "objfunc_val":1.023480
    },
    {
      "sbest" : [-7.00000,-2.00000,0.16090,2.97275,10.80989,-9.10410,2.74935,-8.67317,3.29054,-9.10145],
      "trial_initial": [-299,444,83,-32,424,479,319,-416,-8,637],
      "objfunc_val":1.109736
    }
  ]
}

