{
  "objfunc" : "ackley",
  "evatrials" : 1000,
  "trial_runs" : 2,
  "r_val" : 0.2,
  "results":[
    {
      "sbest" : [0.0067187,-0.0267234,-0.0113414,0.0123613,0.0274250,0.0044262,0.0038885,-0.0233492,-0.0034915,-0.0074681],
      "trial_initial": [-1.77662,-0.98584,-0.57770,1.90682,-0.14702,-0.41998,0.35588,-0.90087,-0.13857,-1.04615],
      "objfunc_val":-22.642849
    },
    {
      "sbest" : [-0.0106570,-0.0445861,0.0014575,0.0013610,0.0328764,-0.0190379,-0.0067921,0.0061256,0.0324258,-0.0161818],
      "trial_initial": [-1.329892,1.146982,-0.055018,-0.439524,1.080476,1.260820,0.727994,-1.718272,-0.359212,1.787397],
      "objfunc_val":-22.603228
    }
  ]
}

