like1,parx1,parx2,parx3,parx4,parx5,chain
0.21301,175.25,0.41675,0.25269,0.049713,0.69678,1.0
0.21301,175.25,0.41675,0.25269,0.049713,0.69678,1.0
