{
  "objfunc" : "ackley",
  "evatrials" : 250,
  "trial_runs" : 4,
  "r_val" : 0.29,
  "results":[
    {
      "sbest" : [0.0031109,0.0027083,0.0669848,0.2031390,0.0802268,0.0690243,-0.0883651,0.0188589,0.2928081,-0.0507384],
      "trial_initial": [-1.77662,-0.98584,-0.57770,1.90682,-0.14702,-0.41998,0.35588,-0.90087,-0.13857,-1.04615],
      "objfunc_val":-21.630197
    },
    {
      "sbest" : [-0.076650,0.011593,0.098371,0.077140,-0.302584,-0.109039,-0.022255,-0.020336,0.073031,-0.281894],
      "trial_initial": [0.58720,0.27984,-0.16666,-1.52057,0.69041,0.34202,-1.55106,-1.06755,-1.13758,-1.04445],
      "objfunc_val":-21.384372
    },
    {
      "sbest" : [-0.1296543,0.2273927,-0.8694331,0.0361375,-0.0168509,0.0066662,0.1133868,-0.0617312,0.0405173,-0.0208061],
      "trial_initial": [0.380940,0.023070,1.846857,1.315453,-1.510769,-0.144067,0.791034,-1.443670,1.278489,0.133970],
      "objfunc_val":-21.122759
    },
    {
      "sbest" : [-5.5878e-02,5.7219e-02,2.3842e-02,-1.4539e-01,-4.8674e-04,1.4931e-01,-2.9320e-03,-8.2249e-02,-1.4800e-02,1.1134e-02],
      "trial_initial": [0.912602,-0.775228,0.097104,1.270168,0.725063,0.945704,0.104205,1.548895,0.201936,0.036866],
      "objfunc_val":-22.141054
    }
  ]
}

