{
  "objfunc" : "ackley",
  "evatrials" : 1000,
  "trial_runs" : 2,
  "r_val" : 0.1,
  "results":[
    {
      "sbest" : [0.00061643,-0.012349,-0.00059654,-0.022133,-0.012122,0.00097649,-0.00057045,-0.0069949,0.0031554,0.0027167],
      "trial_initial": [-1.7766,-0.98584,-0.5777,1.9068,-0.14702,-0.41998,0.35588,-0.90087,-0.13857,-1.0462],
      "objfunc_val":-22.676681
    },
    {
      "sbest" : [-0.0019426,0.004766,-0.0011191,0.0011356,0.0091296,0.014486,0.007099,-0.0092478,-0.01621,-0.0073524],
      "trial_initial": [-1.3299,1.147,-0.055018,-0.43952,1.0805,1.2608,0.72799,-1.7183,-0.35921,1.7874],
      "objfunc_val":-22.678947
    }
  ]
}

