{
  "objfunc": "griewank",
  "evatrials": 550,
  "trial_runs": 3,
  "r_val": 0.37,
  "results": [
    {
      "sbest": [
        11.00000000000000,
        19.00000000000000,
        2.03662487437028,
        -1.23426415183106,
        -5.24719291922387,
        25.07730145065261,
        -12.02999926055234,
        -22.00167804376221,
        -3.14697244811857,
        29.56346268517814
      ],
      "trial_initial": [
        -433.0000000000000,
        -196.0000000000000,
        -73.3096060816648,
        672.0472250689404,
        55.8931023268103,
        -25.9949571115938,
        206.7654801523532,
        -170.2614502262312,
        58.4279335970832,
        -213.8458155161740
      ],
      "objfunc_val": 1.664190
    },
    {
      "sbest": [
        7.00000000000000,
        10.00000000000000,
        -6.39484002324608,
        -46.76336537365788,
        9.58467601113504,
        38.38930958584108,
        -6.09867128065270,
        -45.82775862964041,
        33.63691393959370,
        2.93087800411658
      ],
      "trial_initial": [
        -190.000000000000,
        -288.000000000000,
        263.958476836666,
        269.302313621106,
        131.174425938139,
        633.973326660225,
        316.115885867790,
        296.859343133407,
        -181.234821869745,
        -344.830402395067
      ],
      "objfunc_val": 2.802375
    },
    {
      "sbest": [
        12.00000000000000,
        12.00000000000000,
        32.85859327725726,
        7.08140986453067,
        5.86773597147155,
        -1.02258063794287,
        3.75986146463776,
        -17.85588284586939,
        30.57592135814601,
        1.34518680862905
      ],
      "trial_initial": [
        -219.00000000000000,
        -344.00000000000000,
        534.86798334588570,
        303.76611823508085,
        106.05989330870204,
        4.88429904716634,
        160.48210213748337,
        -277.59019421646974,
        -227.26786514527339,
        151.34888971727344
      ],
      "objfunc_val": 1.645369
    }
  ]
}
