{
  "objfunc" : "ZDT1",
  "evatrials" : 420,
  "trial_runs" : 1,
  "r_val" : 0.2,
  "metric": "ones",
  "results":[
    {
      "sbest" : [0.23396,0.00000,0.04999,0.03228,0.03830,0.24102,0.00000,0.28207,0.00000,0.10857,0.00044,0.00000,0.00422,0.20383,0.18943,0.47524,0.01996,0.01288,0.42867,0.00000,0.00000,0.22260,0.49190,0.00000,0.19577,0.17159,0.35205,0.58417,0.80181,0.19027],
      "objfunc_val":[0.23396,1.80465]
    }
  ]
}

