{
  "objfunc" : "ZDT1",
  "evatrials" : 223,
  "trial_runs" : 2,
  "r_val" : 0.745,
  "metric": "hvc",
  "results":[
    {
      "sbest": [0.52709,0.08392,0.22482,0.00000,0.25033,0.12452,0.62693,0.24943,0.88157,0.00000,0.33692,0.00000,0.20865,0.29779,0.00000,0.00000,0.17705,0.00000,0.00000,0.79987,0.52464,0.15013,0.22015,0.00000,0.00000,0.00000,0.10893,0.00000,0.52070,0.16301],
      "objfunc_val":[0.52709,1.62148]
    },
    {
      "sbest": [0.00000,0.00000,0.00000,0.85256,0.37026,0.00000,0.00000,0.43546,0.00000,0.00000,0.40134,0.74414,0.64239,0.08547,0.46782,0.00000,0.37347,0.00000,0.00000,0.29645,0.03278,0.00000,0.00558,0.00000,0.06120,0.16485,0.00000,0.45798,0.17679,1.00000],
      "objfunc_val":[0.00000,3.03851]
    }
  ]
}

