{
  "objfunc" : "ZDT1",
  "evatrials" : 142,
  "trial_runs" : 1,
  "r_val" : 0.689,
  "metric": "chc",
  "results":[
    {
      "sbest": [0.05366, 0.00000,0.00336, 0.30536, 0.00000, 0.11744, 0.00000, 0.20588, 0.00000, 0.24772, 0.00000, 0.58339, 0.32860, 0.00775, 0.30572, 0.00000, 0.00000, 0.21709, 0.36373, 0.03198, 0.27714, 0.00000, 0.00000, 0.00000, 0.00000, 0.00000, 0.00000, 1.00000, 0.22899, 0.00000],
      "objfunc_val":[0.053664, 1.958784]
    }
  ]
}

