{
  "objfunc" : "ZDT1",
  "evatrials" : 512,
  "trial_runs" : 1,
  "r_val" : 0.123,
  "metric": "crowd_distance",
  "results":[
    {
      "sbest" : [0.79792, 0.00000, 0.44355, 0.30041, 0.15778, 0.00956, 0.00109, 0.29287, 0.44490, 0.20388, 0.00000, 0.43155, 0.30005, 0.15399, 0.16983, 0.46214, 0.41422, 0.81851, 0.12460, 0.47947, 0.06209, 0.00000, 0.99709, 0.09754, 0.26563, 0.04512, 0.36053, 0.75756, 0.07208, 0.15492],
      "objfunc_val":[0.79792, 1.82069]
    }
  ]
}

