{
  "objfunc" : "ZDT1",
  "evatrials" : 200,
  "trial_runs" : 1,
  "r_val" : 0.2,
  "results":[
    {
      "sbest" : [0.0067187,-0.0267234,-0.0113414,0.0123613,0.0274250,0.0044262,0.0038885,-0.0233492,-0.0034915,-0.0074681],
      "objfunc_val":[0.91432,1.45376]
    }
  ]
}

