{"dds_duration": [1.1293659210205078, 3.254117250442505, 4.888171672821045, 18.719818592071533, 34.56907820701599, 169.47716689109802, 337.86882615089417], "rep": [30, 500, 1000, 5000, 10000, 50000, 100000], "dds_like": [-8384.884435178812, -8269.480874403698, -8268.453892284442, -8268.51195094138, -8269.65509041187, -8268.1421690868, -8267.791798085422]}